{"cameraMode":{"drawMode":0,"name":"Shaded","section":"Shading Mode"},"sceneLighting":false,"audioPlay":false,"sceneViewState":{"showFog":true,"showMaterialUpdate":false,"showSkybox":true,"showFlares":true,"showImageEffects":true,"showParticleSystems":true},"in2DMode":false,"pivot":{"x":-93.42631530761719,"y":2.0,"z":331.9237060546875},"rotation":{"x":0.13943952322006226,"y":0.38265958428382876,"z":-0.05854206159710884,"w":0.9114280939102173},"size":4.041658401489258,"orthographic":false}