{"cameraMode":{"drawMode":0,"name":"Shaded","section":"Shading Mode"},"sceneLighting":false,"audioPlay":false,"sceneViewState":{"showFog":true,"showMaterialUpdate":false,"showSkybox":true,"showFlares":true,"showImageEffects":true,"showParticleSystems":true},"in2DMode":false,"pivot":{"x":-183.1865234375,"y":4.856237411499023,"z":137.09152221679688},"rotation":{"x":-0.21505127847194673,"y":0.6278079152107239,"z":-0.25887468457221987,"w":-0.7018505334854126},"size":17.64145278930664,"orthographic":false}