{"cameraMode":{"drawMode":0,"name":"Shaded","section":"Shading Mode"},"sceneLighting":false,"audioPlay":false,"sceneViewState":{"showFog":true,"showMaterialUpdate":false,"showSkybox":true,"showFlares":true,"showImageEffects":true,"showParticleSystems":true},"in2DMode":false,"pivot":{"x":-95.21016693115235,"y":12.288591384887696,"z":101.00187683105469},"rotation":{"x":-0.2023838758468628,"y":0.020624782890081407,"z":-0.052013903856277469,"w":-0.9777064919471741},"size":40.74031448364258,"orthographic":false}