{"cameraMode":{"drawMode":0,"name":"Shaded","section":"Shading Mode"},"sceneLighting":false,"audioPlay":false,"sceneViewState":{"showFog":true,"showMaterialUpdate":false,"showSkybox":true,"showFlares":true,"showImageEffects":true,"showParticleSystems":true},"in2DMode":false,"pivot":{"x":-96.34945678710938,"y":0.13564777374267579,"z":334.5976257324219},"rotation":{"x":-0.17131955921649934,"y":0.6367343664169312,"z":-0.21633687615394593,"w":-0.7200120091438294},"size":9.80944538116455,"orthographic":false}