{"cameraMode":{"drawMode":0,"name":"Shaded","section":"Shading Mode"},"sceneLighting":false,"audioPlay":false,"sceneViewState":{"showFog":true,"showMaterialUpdate":false,"showSkybox":true,"showFlares":true,"showImageEffects":true,"showParticleSystems":true},"in2DMode":false,"pivot":{"x":-96.80573272705078,"y":0.9562745094299316,"z":334.5909118652344},"rotation":{"x":-0.13685312867164613,"y":0.6452895402908325,"z":-0.18533115088939668,"w":-0.7283715605735779},"size":59.51222229003906,"orthographic":false}