{"cameraMode":{"drawMode":0,"name":"Shaded","section":"Shading Mode"},"sceneLighting":false,"audioPlay":false,"sceneViewState":{"showFog":true,"showMaterialUpdate":false,"showSkybox":true,"showFlares":true,"showImageEffects":true,"showParticleSystems":true},"in2DMode":false,"pivot":{"x":40.91993713378906,"y":-6.162288665771484,"z":21.729278564453126},"rotation":{"x":0.16219210624694825,"y":0.6268832087516785,"z":-0.13558875024318696,"w":0.7498846054077148},"size":22.0,"orthographic":false}