{"cameraMode":{"drawMode":0,"name":"Shaded","section":"Shading Mode"},"sceneLighting":false,"audioPlay":false,"sceneViewState":{"showFog":true,"showMaterialUpdate":false,"showSkybox":true,"showFlares":true,"showImageEffects":true,"showParticleSystems":true},"in2DMode":false,"pivot":{"x":171.15267944335938,"y":2.5383832454681398,"z":66.70380401611328},"rotation":{"x":0.018517617136240007,"y":0.9810760617256165,"z":-0.12129326909780503,"w":0.14978273212909699},"size":15.178300857543946,"orthographic":false}